{
  "project_info": {
    "project_number": "679419549989",
    "project_id": "hitit3-50a79",
    "storage_bucket": "hitit3-50a79.appspot.com"
  },
  "client": [
    {
      "client_info": {
        "mobilesdk_app_id": "1:679419549989:android:d03956797d5463387ba2cc",
        "android_client_info": {
          "package_name": "ie.wit"
        }
      },
      "oauth_client": [
        {
          "client_id": "679419549989-c95ke51git8t8vq94v2dbust2sftfjkt.apps.googleusercontent.com",
          "client_type": 1,
          "android_info": {
            "package_name": "ie.wit",
            "certificate_hash": "649186675c5f21bd36e5f84ae4f57efa87384c79"
          }
        },
        {
          "client_id": "679419549989-8lr8e0s7g8p4iba1reat56giadtk5vfe.apps.googleusercontent.com",
          "client_type": 3
        }
      ],
      "api_key": [
        {
          "current_key": "AIzaSyBhe7YSxkS5WFZ6tRAGHwYCnFo_M2YPsZg"
        }
      ],
      "services": {
        "appinvite_service": {
          "other_platform_oauth_client": [
            {
              "client_id": "679419549989-8lr8e0s7g8p4iba1reat56giadtk5vfe.apps.googleusercontent.com",
              "client_type": 3
            }
          ]
        }
      }
    }
  ],
  "configuration_version": "1"
}