{
  "project_info": {
    "project_number": "79274013135",
    "project_id": "ca2v25",
    "storage_bucket": "ca2v25.appspot.com"
  },
  "client": [
    {
      "client_info": {
        "mobilesdk_app_id": "1:79274013135:android:57f076aca0819894f462ba",
        "android_client_info": {
          "package_name": "ie.wit"
        }
      },
      "oauth_client": [
        {
          "client_id": "79274013135-ch97ofqkjm3ce1e84t93cpgmdvu1j6h2.apps.googleusercontent.com",
          "client_type": 1,
          "android_info": {
            "package_name": "ie.wit",
            "certificate_hash": "649186675c5f21bd36e5f84ae4f57efa87384c79"
          }
        },
        {
          "client_id": "79274013135-g1cliv6k1na30p16bifumh4nd7k2lpgj.apps.googleusercontent.com",
          "client_type": 3
        }
      ],
      "api_key": [
        {
          "current_key": "AIzaSyAJq39xGY4BcWEGx7kguBM-j34YIWAKh1c"
        }
      ],
      "services": {
        "appinvite_service": {
          "other_platform_oauth_client": [
            {
              "client_id": "79274013135-g1cliv6k1na30p16bifumh4nd7k2lpgj.apps.googleusercontent.com",
              "client_type": 3
            }
          ]
        }
      }
    }
  ],
  "configuration_version": "1"
}